Canvas 1,C:/Users/pkmad/OneDrive/Desktop/MusicPlayer/canvas 1.wav
Canvas 3,C:/Users/pkmad/OneDrive/Desktop/MusicPlayer/canvas 2.wav
Canvas,C:/Users/kmad/OneDrive/Desktop/MusicPlayer/canvas.wav
Canvas 2,C:/Users/pkmad/OneDrive/Desktop/MusicPlayer/canvas 2.wav
Canvas 9,C:/Users/pkmad/OneDrive/Desktop/MusicPlayer/canvas 9.wav
Canvas 7,C:/Users/pkmad/OneDrive/Desktop/MusicPlayer/canvas 7.wav
Canvas 5,C:/Users/pkmad/OneDrive/Desktop/MusicPlayer/canvas 5.wav
Canvas 6,C:/Users/pkmad/OneDrive/Desktop/MusicPlayer/canvas 6.wav
Canvas 4,C:/Users/pkmad/OneDrive/Desktop/MusicPlayer/canvas 4.wav
Canvas 8,C:/Users/pkmad/OneDrive/Desktop/MusicPlayer/canvas 8.wav
